{"cameraMode":{"drawMode":0,"name":"Shaded","section":"Shading Mode"},"sceneLighting":true,"audioPlay":false,"sceneViewState":{"showFog":true,"showMaterialUpdate":false,"showSkybox":true,"showFlares":true,"showImageEffects":true,"showParticleSystems":false},"in2DMode":false,"pivot":{"x":21.771587371826173,"y":39.83687973022461,"z":59.616275787353519},"rotation":{"x":0.1567748337984085,"y":-0.6446582078933716,"z":0.13741134107112885,"w":0.7354969382286072},"size":10.0,"orthographic":false}